IP,First Seen,Last Seen
 94.156.149.124,2024-12-06 13:20:26,2024-12-06 13:20:26
 94.156.149.112,2024-12-06 13:20:26,2024-12-06 13:20:26
 94.156.149.224,2024-12-06 13:20:26,2024-12-06 13:20:26
 94.156.149.232,2024-12-06 13:20:26,2024-12-06 13:20:26
 94.156.149.76,2024-12-06 13:20:26,2024-12-06 13:20:26
 94.156.149.184,2024-12-06 13:20:26,2024-12-06 13:20:26
 94.156.149.160,2024-12-06 13:20:26,2024-12-06 13:20:26
 94.156.149.136,2024-12-06 13:20:26,2024-12-06 13:20:26
 89.187.171.68,2024-12-06 13:20:26,2024-12-06 13:20:26
 89.187.171.66,2024-12-06 13:20:26,2024-12-06 13:20:26
 94.156.149.52,2024-12-06 13:20:26,2024-12-06 13:20:26
 94.156.149.88,2024-12-06 13:20:26,2024-12-06 13:20:26
 94.156.149.64,2024-12-06 13:20:26,2024-12-06 13:20:26
 94.156.149.16,2024-12-06 13:20:26,2024-12-06 13:20:26
 94.156.149.28,2024-12-06 13:20:26,2024-12-06 13:20:26
 94.156.149.172,2024-12-06 13:20:26,2024-12-06 13:20:26
 94.156.149.196,2024-12-06 13:20:26,2024-12-06 13:20:26
 94.156.149.148,2024-12-06 13:20:26,2024-12-06 13:20:26
 94.156.149.240,2024-12-06 13:20:26,2024-12-06 13:20:26
