Subnet,ASN,ASN Organization,Country,First Seen,Last Seen
178.239.160.0/20,25369,Hydra Communications Ltd,GB,2024-11-14 00:29:09,2024-11-18 09:11:04
185.247.71.0/24,9009,M247 Europe SRL,RO,2024-11-14 00:29:25,2024-11-18 09:11:06
152.89.207.0/24,62240,Clouvider Limited,GB,2024-11-14 00:29:15,2024-11-18 09:11:06
5.101.136.0/21,42831,UK Dedicated Servers Limited,GB,2024-11-14 00:29:25,2024-11-18 09:10:53
89.187.180.0/22,60068,Datacamp Limited (CDN77 / DataPacket),GB,2024-11-14 00:29:02,2024-11-18 09:11:18
195.206.180.0/22,25369,Hydra Communications Ltd,GB,2024-11-14 00:29:03,2024-11-18 09:11:28
144.48.38.0/24,136557,Host Universal Pty Ltd,AU,2024-11-14 00:29:26,2024-11-18 09:10:57
149.50.223.0/24,212238,Datacamp Limited,GB,2024-11-14 00:29:20,2024-11-18 09:11:15
185.189.114.0/24,9009,M247 Europe SRL,RO,2024-11-14 00:29:04,2024-11-18 09:11:06
37.120.154.0/24,9009,M247 Europe SRL,RO,2024-11-14 00:29:08,2024-11-18 09:11:17
45.80.185.0/24,136787,PacketHub S.A.,PA,2024-11-14 00:29:12,2024-11-18 09:11:18
66.111.61.0/24,39486,HostRoyale Technologies Pvt Ltd,IN,2024-11-14 00:29:14,2024-11-18 09:11:26
45.85.145.0/24,62240,Clouvider Limited,GB,2024-11-14 00:29:26,2024-11-18 09:10:50
185.93.0.0/24,60068,Datacamp Limited (CDN77 / DataPacket),GB,2024-11-14 00:28:55,2024-11-18 09:11:23
146.70.105.0/24,9009,M247 Europe SRL,RO,2024-11-14 00:29:02,2024-11-18 09:11:20
185.225.28.0/24,205119,TELEKS DOOEL Skopje,MK,2024-11-14 00:29:09,2024-11-18 09:11:14
91.196.69.0/24,136787,PacketHub S.A.,PA,2024-11-14 00:29:17,2024-11-18 09:11:07
81.19.208.0/20,25369,Hydra Communications Ltd,GB,2024-11-14 00:28:56,2024-11-18 09:11:24
91.90.123.0/24,9009,M247 Europe SRL,RO,2024-11-14 00:29:10,2024-11-18 09:11:08
185.161.202.0/24,207137,PacketHub S.A.,PA,2024-11-14 00:29:20,2024-11-18 09:11:06
178.132.109.0/24,136787,PacketHub S.A.,PA,2024-11-14 00:29:17,2024-11-18 09:11:27
138.199.10.0/23,212238,Datacamp Limited,GB,2024-11-14 00:28:53,2024-11-18 09:11:23
192.145.127.0/24,9009,M247 Europe SRL,RO,2024-11-14 00:29:04,2024-11-18 09:11:09
121.127.47.0/24,60068,Datacamp Limited (CDN77 / DataPacket),GB,2024-11-14 00:29:03,2024-11-18 09:11:11
185.156.175.0/24,9009,M247 Europe SRL,RO,2024-11-14 00:29:19,2024-11-18 09:11:27
138.199.47.0/24,212238,Datacamp Limited,GB,2024-11-14 00:29:21,2024-11-18 09:11:27
192.166.247.0/24,147049,PacketHub S.A.,AU,2024-11-14 00:29:07,2024-11-18 09:10:57
193.27.12.0/24,9009,M247 Europe SRL,RO,2024-11-14 00:29:05,2024-11-18 09:10:55
64.44.0.0/16,20278,"Nexeon Technologies, Inc.",US,2024-11-14 00:29:16,2024-11-18 09:10:58
5.253.206.0/24,9009,M247 Europe SRL,RO,2024-11-14 00:29:17,2024-11-18 09:11:26
185.244.214.0/24,9009,M247 Europe SRL,RO,2024-11-14 00:29:18,2024-11-18 09:11:13
45.137.77.0/24,136787,PacketHub S.A.,PA,2024-11-14 00:29:18,2024-11-18 09:11:02
149.88.30.0/24,212238,Datacamp Limited,GB,2024-11-14 00:29:23,2024-11-18 09:11:07
143.244.46.0/24,212238,Datacamp Limited,GB,2024-11-14 00:29:14,2024-11-18 09:11:14
149.88.22.0/24,212238,Datacamp Limited,GB,2024-11-14 00:29:15,2024-11-18 09:11:15
138.199.42.0/24,212238,Datacamp Limited,GB,2024-11-14 00:28:55,2024-11-18 09:11:06
185.153.179.0/24,147049,PacketHub S.A.,AU,2024-11-14 00:29:06,2024-11-18 09:11:04
84.17.56.0/23,60068,Datacamp Limited (CDN77 / DataPacket),GB,2024-11-14 00:29:22,2024-11-18 09:11:16
195.206.107.0/24,9009,M247 Europe SRL,RO,2024-11-14 00:28:56,2024-11-18 09:11:26
84.17.36.0/24,212238,Datacamp Limited,GB,2024-11-14 00:29:16,2024-11-18 09:10:51
107.173.69.0/24,20278,"Nexeon Technologies, Inc.",US,2024-11-14 00:29:19,2024-11-18 09:11:17
141.98.100.0/24,9009,M247 Europe SRL,RO,2024-11-14 00:29:26,2024-11-18 09:10:59
195.158.248.0/24,203020,HostRoyale Technologies Pvt Ltd,IN,2024-11-14 00:29:03,2024-11-18 09:11:28
185.232.22.0/24,9009,M247 Europe SRL,RO,2024-11-14 00:29:21,2024-11-18 09:11:13
185.212.170.0/24,9009,M247 Europe SRL,RO,2024-11-14 00:29:05,2024-11-18 09:11:07
146.70.90.0/24,9009,M247 Europe SRL,RO,2024-11-14 00:29:09,2024-11-18 09:11:22
31.132.0.0/21,42831,UK Dedicated Servers Limited,GB,2024-11-14 00:29:18,2024-11-18 09:10:57
5.181.234.0/24,9009,M247 Europe SRL,RO,2024-11-14 00:29:13,2024-11-18 09:11:28
31.13.189.0/24,9009,M247 Europe SRL,RO,2024-11-14 00:29:12,2024-11-18 09:11:20
217.138.199.0/24,9009,M247 Europe SRL,RO,2024-11-14 00:28:59,2024-11-18 09:11:13
185.169.235.0/24,62240,Clouvider Limited,GB,2024-11-14 00:29:01,2024-11-18 09:10:55
89.35.28.0/22,25369,Hydra Communications Ltd,GB,2024-11-14 00:29:01,2024-11-18 09:11:04
82.102.28.0/24,9009,M247 Europe SRL,RO,2024-11-14 00:29:24,2024-11-18 09:11:25
37.120.156.0/24,9009,M247 Europe SRL,RO,2024-11-14 00:29:25,2024-11-18 09:11:18
37.19.196.0/23,212238,Datacamp Limited,GB,2024-11-14 00:29:21,2024-11-18 09:10:54
160.238.37.0/24,147049,PacketHub S.A.,AU,2024-11-14 00:29:23,2024-11-18 09:10:57
154.47.31.0/24,212238,Datacamp Limited,GB,2024-11-14 00:29:07,2024-11-18 09:10:58
217.138.209.0/24,9009,M247 Europe SRL,RO,2024-11-14 00:29:10,2024-11-18 09:11:11
93.118.40.0/22,58325,Hydra Communications Ltd,GB,2024-11-14 00:29:03,2024-11-18 09:11:21
82.149.76.0/24,136787,PacketHub S.A.,PA,2024-11-14 00:29:09,2024-11-18 09:11:04
144.48.37.0/24,136557,Host Universal Pty Ltd,AU,2024-11-14 00:29:17,2024-11-18 09:11:16
45.134.191.0/24,136787,PacketHub S.A.,PA,2024-11-14 00:29:05,2024-11-18 09:11:25
84.17.38.0/23,60068,Datacamp Limited (CDN77 / DataPacket),GB,2024-11-14 00:29:15,2024-11-18 09:11:07
45.134.188.0/24,136787,PacketHub S.A.,PA,2024-11-14 00:29:17,2024-11-18 09:11:24
146.70.75.0/24,9009,M247 Europe SRL,RO,2024-11-14 00:29:12,2024-11-18 09:11:16
89.47.234.0/24,9009,M247 Europe SRL,RO,2024-11-14 00:29:00,2024-11-18 09:11:08
77.243.176.0/20,9009,M247 Europe SRL,RO,2024-11-14 00:29:19,2024-11-18 09:11:20
138.199.14.0/23,60068,Datacamp Limited (CDN77 / DataPacket),GB,2024-11-14 00:29:15,2024-11-18 09:10:51
37.120.138.0/24,9009,M247 Europe SRL,RO,2024-11-14 00:29:14,2024-11-18 09:11:25
156.146.34.0/23,60068,Datacamp Limited (CDN77 / DataPacket),GB,2024-11-14 00:29:26,2024-11-18 09:11:19
156.146.51.0/24,212238,Datacamp Limited,GB,2024-11-14 00:28:59,2024-11-18 09:11:09
96.9.247.0/24,20278,"Nexeon Technologies, Inc.",US,2024-11-14 00:29:26,2024-11-18 09:11:17
194.34.235.0/24,136787,PacketHub S.A.,PA,2024-11-14 00:29:02,2024-11-18 09:11:23
109.69.110.0/24,25369,Hydra Communications Ltd,GB,2024-11-14 00:29:18,2024-11-18 09:11:14
149.40.62.0/24,212238,Datacamp Limited,GB,2024-11-14 00:29:16,2024-11-18 09:11:08
212.97.67.0/24,136787,PacketHub S.A.,PA,2024-11-14 00:29:01,2024-11-18 09:10:55
178.249.211.0/24,212238,Datacamp Limited,GB,2024-11-14 00:28:52,2024-11-18 09:11:10
89.187.184.0/22,60068,Datacamp Limited (CDN77 / DataPacket),GB,2024-11-14 00:29:25,2024-11-18 09:11:02
213.232.87.0/24,136787,PacketHub S.A.,PA,2024-11-14 00:28:58,2024-11-18 09:11:19
37.120.148.0/24,9009,M247 Europe SRL,RO,2024-11-14 00:29:01,2024-11-18 09:10:53
154.16.157.0/24,396356,Latitude.sh,US,2024-11-14 00:29:24,2024-11-18 09:11:10
143.244.63.0/24,60068,Datacamp Limited (CDN77 / DataPacket),GB,2024-11-14 00:29:26,2024-11-18 09:11:02
194.35.233.0/24,62240,Clouvider Limited,GB,2024-11-14 00:29:08,2024-11-18 09:11:24
176.53.179.0/24,136787,PacketHub S.A.,PA,2024-11-14 00:29:24,2024-11-18 09:11:15
212.97.69.0/24,136787,PacketHub S.A.,PA,2024-11-14 00:29:01,2024-11-18 09:11:25
185.187.168.0/24,136787,PacketHub S.A.,PA,2024-11-14 00:28:58,2024-11-18 09:11:19
217.138.197.0/24,9009,M247 Europe SRL,RO,2024-11-14 00:29:23,2024-11-18 09:11:19
212.102.40.0/23,60068,Datacamp Limited (CDN77 / DataPacket),GB,2024-11-14 00:28:58,2024-11-18 09:11:28
192.145.117.0/24,141039,PacketHub S.A.,PA,2024-11-14 00:28:54,2024-11-18 09:11:27
89.40.71.0/24,9009,M247 Europe SRL,RO,2024-11-14 00:28:59,2024-11-18 09:11:22
194.35.235.0/24,62240,Clouvider Limited,GB,2024-11-14 00:29:14,2024-11-18 09:11:17
149.102.252.0/24,212238,Datacamp Limited,GB,2024-11-14 00:29:10,2024-11-18 09:11:06
78.110.160.0/21,42831,UK Dedicated Servers Limited,GB,2024-11-14 00:29:16,2024-11-18 09:11:07
2.58.46.0/24,9009,M247 Europe SRL,RO,2024-11-14 00:29:19,2024-11-18 09:10:58
107.175.40.0/24,20278,"Nexeon Technologies, Inc.",US,2024-11-14 00:29:08,2024-11-18 09:10:55
149.88.28.0/24,212238,Datacamp Limited,GB,2024-11-14 00:29:25,2024-11-18 09:11:28
81.17.121.0/24,136787,PacketHub S.A.,PA,2024-11-14 00:29:10,2024-11-18 09:11:23
178.249.209.0/24,212238,Datacamp Limited,GB,2024-11-14 00:29:14,2024-11-18 09:11:18
212.102.48.0/24,60068,Datacamp Limited (CDN77 / DataPacket),GB,2024-11-14 00:29:06,2024-11-18 09:11:24
45.95.161.0/24,136787,PacketHub S.A.,PA,2024-11-14 00:29:12,2024-11-18 09:10:57
185.214.96.0/24,207137,PacketHub S.A.,PA,2024-11-14 00:29:27,2024-11-18 09:10:59
154.47.26.0/24,212238,Datacamp Limited,GB,2024-11-14 00:29:21,2024-11-18 09:10:56
103.1.213.0/24,137409,GSL Networks Pty LTD,AU,2024-11-14 00:29:08,2024-11-18 09:11:21
37.120.237.0/24,9009,M247 Europe SRL,RO,2024-11-14 00:29:03,2024-11-18 09:11:13
185.229.190.0/23,60068,Datacamp Limited (CDN77 / DataPacket),GB,2024-11-14 00:29:03,2024-11-18 09:10:59
185.16.204.0/22,25369,Hydra Communications Ltd,GB,2024-11-14 00:29:08,2024-11-18 09:11:12
194.49.52.0/24,62240,Clouvider Limited,GB,2024-11-14 00:29:09,2024-11-18 09:11:01
178.159.0.0/20,42831,UK Dedicated Servers Limited,GB,2024-11-14 00:29:11,2024-11-18 09:10:54
181.214.70.0/24,396356,Latitude.sh,US,2024-11-14 00:29:15,2024-11-18 09:10:58
149.102.237.0/24,212238,Datacamp Limited,GB,2024-11-14 00:29:24,2024-11-18 09:10:50
91.207.175.0/24,9009,M247 Europe SRL,RO,2024-11-14 00:29:09,2024-11-18 09:10:56
149.102.249.0/24,212238,Datacamp Limited,GB,2024-11-14 00:29:12,2024-11-18 09:11:06
45.152.180.0/24,9009,M247 Europe SRL,RO,2024-11-14 00:29:11,2024-11-18 09:11:05
185.236.201.0/24,9009,M247 Europe SRL,RO,2024-11-14 00:28:53,2024-11-18 09:11:16
94.46.220.0/22,42831,UK Dedicated Servers Limited,GB,2024-11-14 00:28:57,2024-11-18 09:11:26
158.220.78.0/24,136787,PacketHub S.A.,PA,2024-11-14 00:28:53,2024-11-18 09:11:21
185.44.76.0/22,25369,Hydra Communications Ltd,GB,2024-11-14 00:29:09,2024-11-18 09:11:25
169.150.226.0/23,212238,Datacamp Limited,GB,2024-11-14 00:29:00,2024-11-18 09:10:54
45.80.187.0/24,136787,PacketHub S.A.,PA,2024-11-14 00:29:09,2024-11-18 09:11:22
94.46.244.0/22,42831,UK Dedicated Servers Limited,GB,2024-11-14 00:29:07,2024-11-18 09:11:07
45.136.155.0/24,212238,Datacamp Limited,GB,2024-11-14 00:29:14,2024-11-18 09:11:11
45.80.186.0/24,136787,PacketHub S.A.,PA,2024-11-14 00:28:58,2024-11-18 09:11:09
176.53.177.0/24,136787,PacketHub S.A.,PA,2024-11-14 00:29:07,2024-11-18 09:11:15
185.225.234.0/24,136787,PacketHub S.A.,PA,2024-11-14 00:28:53,2024-11-18 09:10:50
103.50.33.0/24,396356,Latitude.sh,US,2024-11-14 00:29:13,2024-11-18 09:10:58
192.145.124.0/24,9009,M247 Europe SRL,RO,2024-11-14 00:28:58,2024-11-18 09:11:03
78.157.208.0/20,42831,UK Dedicated Servers Limited,GB,2024-11-14 00:29:18,2024-11-18 09:11:15
37.120.211.0/24,9009,M247 Europe SRL,RO,2024-11-14 00:29:19,2024-11-18 09:11:27
149.88.17.0/24,212238,Datacamp Limited,GB,2024-11-14 00:29:17,2024-11-18 09:11:02
212.97.65.0/24,136787,PacketHub S.A.,PA,2024-11-14 00:29:08,2024-11-18 09:10:59
217.138.218.0/24,9009,M247 Europe SRL,RO,2024-11-14 00:29:09,2024-11-18 09:10:56
83.136.182.0/24,141039,PacketHub S.A.,PA,2024-11-14 00:29:10,2024-11-18 09:10:59
193.9.112.0/24,9009,M247 Europe SRL,RO,2024-11-14 00:28:59,2024-11-18 09:11:16
107.173.59.0/24,20278,"Nexeon Technologies, Inc.",US,2024-11-14 00:29:12,2024-11-18 09:10:56
84.17.43.0/24,212238,Datacamp Limited,GB,2024-11-14 00:28:55,2024-11-18 09:11:15
149.102.248.0/24,212238,Datacamp Limited,GB,2024-11-14 00:29:10,2024-11-18 09:11:20
188.212.154.0/24,25369,Hydra Communications Ltd,GB,2024-11-14 00:29:17,2024-11-18 09:11:12
156.146.46.0/23,212238,Datacamp Limited,GB,2024-11-14 00:29:11,2024-11-18 09:11:09
86.106.90.0/24,9009,M247 Europe SRL,RO,2024-11-14 00:29:07,2024-11-18 09:11:16
81.92.200.0/22,9009,M247 Europe SRL,RO,2024-11-14 00:28:58,2024-11-18 09:10:56
138.199.50.0/24,212238,Datacamp Limited,GB,2024-11-14 00:29:04,2024-11-18 09:11:07
84.39.112.0/24,9009,M247 Europe SRL,RO,2024-11-14 00:29:24,2024-11-18 09:10:53
172.93.177.0/24,131199,"Nexeon Technologies, Inc.",US,2024-11-14 00:29:16,2024-11-18 09:11:20
146.70.112.0/24,9009,M247 Europe SRL,RO,2024-11-14 00:28:57,2024-11-18 09:11:21
149.88.29.0/24,212238,Datacamp Limited,GB,2024-11-14 00:29:16,2024-11-18 09:11:17
95.174.64.0/24,9009,M247 Europe SRL,RO,2024-11-14 00:29:24,2024-11-18 09:11:22
195.206.105.0/24,9009,M247 Europe SRL,RO,2024-11-14 00:29:06,2024-11-18 09:11:28
194.233.96.0/24,147049,PacketHub S.A.,AU,2024-11-14 00:29:15,2024-11-18 09:11:10
195.242.213.0/24,9009,M247 Europe SRL,RO,2024-11-14 00:29:20,2024-11-18 09:11:21
185.184.228.0/24,39486,HostRoyale Technologies Pvt Ltd,IN,2024-11-14 00:29:08,2024-11-18 09:11:20
45.87.212.0/24,9009,M247 Europe SRL,RO,2024-11-14 00:29:12,2024-11-18 09:10:51
169.150.254.0/24,212238,Datacamp Limited,GB,2024-11-14 00:28:56,2024-11-18 09:11:05
79.127.233.0/24,60068,Datacamp Limited (CDN77 / DataPacket),GB,2024-11-14 00:28:58,2024-11-18 09:11:22
185.218.127.0/24,136787,PacketHub S.A.,PA,2024-11-14 00:28:57,2024-11-18 09:11:11
185.213.80.0/24,147049,PacketHub S.A.,AU,2024-11-14 00:29:13,2024-11-18 09:11:24
217.146.92.0/24,25369,Hydra Communications Ltd,GB,2024-11-14 00:28:52,2024-11-18 09:11:11
149.40.51.0/24,212238,Datacamp Limited,GB,2024-11-14 00:29:06,2024-11-18 09:11:15
103.214.45.0/24,62240,Clouvider Limited,GB,2024-11-14 00:29:25,2024-11-18 09:10:55
77.74.192.0/21,42831,UK Dedicated Servers Limited,GB,2024-11-14 00:29:16,2024-11-18 09:11:05
37.120.157.0/24,9009,M247 Europe SRL,RO,2024-11-14 00:29:15,2024-11-18 09:11:21
64.238.204.0/24,62240,Clouvider Limited,GB,2024-11-14 00:29:16,2024-11-18 09:11:17
37.19.195.0/24,212238,Datacamp Limited,GB,2024-11-14 00:29:22,2024-11-18 09:11:14
94.46.192.0/22,42831,UK Dedicated Servers Limited,GB,2024-11-14 00:29:16,2024-11-18 09:10:51
149.34.240.0/24,212238,Datacamp Limited,GB,2024-11-14 00:28:55,2024-11-18 09:11:10
37.120.223.0/24,9009,M247 Europe SRL,RO,2024-11-14 00:29:00,2024-11-18 09:11:21
212.97.71.0/24,136787,PacketHub S.A.,PA,2024-11-14 00:29:20,2024-11-18 09:11:05
5.182.16.0/24,136787,PacketHub S.A.,PA,2024-11-14 00:29:04,2024-11-18 09:11:05
185.197.248.0/24,136787,PacketHub S.A.,PA,2024-11-14 00:29:22,2024-11-18 09:11:23
143.244.48.0/22,60068,Datacamp Limited (CDN77 / DataPacket),GB,2024-11-14 00:29:19,2024-11-18 09:11:02
193.9.35.0/24,136787,PacketHub S.A.,PA,2024-11-14 00:29:12,2024-11-18 09:11:15
45.137.79.0/24,136787,PacketHub S.A.,PA,2024-11-14 00:29:23,2024-11-18 09:11:28
5.154.174.0/24,203020,HostRoyale Technologies Pvt Ltd,IN,2024-11-14 00:28:57,2024-11-18 09:11:01
79.142.76.0/23,51430,AltusHost B.V.,NL,2024-11-14 00:28:55,2024-11-18 09:11:06
45.140.184.0/24,136787,PacketHub S.A.,PA,2024-11-14 00:28:57,2024-11-18 09:11:19
216.198.54.0/24,209242,Cloudflare BYOIP Customers,US,2024-11-14 00:29:22,2024-11-18 09:11:28
5.101.168.0/21,42831,UK Dedicated Servers Limited,GB,2024-11-14 00:29:00,2024-11-18 09:11:07
138.199.56.0/24,212238,Datacamp Limited,GB,2024-11-14 00:29:24,2024-11-18 09:11:26
212.102.43.0/24,60068,Datacamp Limited (CDN77 / DataPacket),GB,2024-11-14 00:29:15,2024-11-18 09:10:50
185.203.218.0/24,141039,PacketHub S.A.,PA,2024-11-14 00:29:17,2024-11-18 09:11:10
169.150.232.0/24,212238,Datacamp Limited,GB,2024-11-14 00:28:59,2024-11-18 09:11:03
212.102.46.0/24,60068,Datacamp Limited (CDN77 / DataPacket),GB,2024-11-14 00:29:11,2024-11-18 09:11:09
185.210.217.0/24,9009,M247 Europe SRL,RO,2024-11-14 00:29:11,2024-11-18 09:11:03
185.65.50.0/24,141039,PacketHub S.A.,PA,2024-11-14 00:29:14,2024-11-18 09:11:00
86.107.55.0/24,9009,M247 Europe SRL,RO,2024-11-14 00:29:01,2024-11-18 09:10:54
37.19.223.0/24,212238,Datacamp Limited,GB,2024-11-14 00:29:23,2024-11-18 09:11:12
84.39.151.0/24,136787,PacketHub S.A.,PA,2024-11-14 00:29:14,2024-11-18 09:11:16
85.190.238.0/24,136787,PacketHub S.A.,PA,2024-11-14 00:29:25,2024-11-18 09:11:01
185.137.36.0/22,25369,Hydra Communications Ltd,GB,2024-11-14 00:29:04,2024-11-18 09:10:55
89.46.100.0/22,9009,M247 Europe SRL,RO,2024-11-14 00:29:09,2024-11-18 09:11:07
82.149.82.0/24,136787,PacketHub S.A.,PA,2024-11-14 00:28:53,2024-11-18 09:10:54
194.110.112.0/24,9009,M247 Europe SRL,RO,2024-11-14 00:29:22,2024-11-18 09:11:10
193.203.12.0/24,136787,PacketHub S.A.,PA,2024-11-14 00:29:23,2024-11-18 09:11:00
86.105.9.0/24,9009,M247 Europe SRL,RO,2024-11-14 00:29:22,2024-11-18 09:11:14
193.9.34.0/24,136787,PacketHub S.A.,PA,2024-11-14 00:29:13,2024-11-18 09:11:19
145.14.135.0/24,136787,PacketHub S.A.,PA,2024-11-14 00:29:13,2024-11-18 09:11:05
194.180.179.0/24,136787,PacketHub S.A.,PA,2024-11-14 00:29:20,2024-11-18 09:11:13
5.182.32.0/24,141039,PacketHub S.A.,PA,2024-11-14 00:29:25,2024-11-18 09:11:21
92.119.17.0/24,62240,Clouvider Limited,GB,2024-11-14 00:29:10,2024-11-18 09:11:21
195.140.212.0/22,25369,Hydra Communications Ltd,GB,2024-11-14 00:29:06,2024-11-18 09:11:19
149.88.100.0/24,212238,Datacamp Limited,GB,2024-11-14 00:28:57,2024-11-18 09:11:22
64.44.32.0/24,20278,"Nexeon Technologies, Inc.",US,2024-11-14 00:28:59,2024-11-18 09:11:02
188.240.56.0/24,25369,Hydra Communications Ltd,GB,2024-11-14 00:28:51,2024-11-18 09:11:07
139.28.219.0/24,9009,M247 Europe SRL,RO,2024-11-14 00:29:23,2024-11-18 09:11:10
84.17.44.0/23,60068,Datacamp Limited (CDN77 / DataPacket),GB,2024-11-14 00:29:11,2024-11-18 09:11:05
82.102.20.0/24,9009,M247 Europe SRL,RO,2024-11-14 00:29:14,2024-11-18 09:10:58
5.181.233.0/24,9009,M247 Europe SRL,RO,2024-11-14 00:29:21,2024-11-18 09:11:21
45.248.77.0/24,136557,Host Universal Pty Ltd,AU,2024-11-14 00:29:18,2024-11-18 09:11:17
180.149.231.0/24,136557,Host Universal Pty Ltd,AU,2024-11-14 00:29:03,2024-11-18 09:11:27
185.81.124.0/24,136787,PacketHub S.A.,PA,2024-11-14 00:29:04,2024-11-18 09:10:56
45.84.39.0/24,207137,PacketHub S.A.,PA,2024-11-14 00:29:06,2024-11-18 09:11:27
84.247.0.0/24,25369,Hydra Communications Ltd,GB,2024-11-14 00:29:03,2024-11-18 09:11:01
91.214.64.0/24,212238,Datacamp Limited,GB,2024-11-14 00:29:01,2024-11-18 09:11:14
185.9.18.0/24,9009,M247 Europe SRL,RO,2024-11-14 00:29:19,2024-11-18 09:11:27
194.116.208.0/24,203020,HostRoyale Technologies Pvt Ltd,IN,2024-11-14 00:28:58,2024-11-18 09:11:13
149.88.27.0/24,212238,Datacamp Limited,GB,2024-11-14 00:29:03,2024-11-18 09:11:23
93.114.129.0/24,25369,Hydra Communications Ltd,GB,2024-11-14 00:29:04,2024-11-18 09:11:04
185.109.168.0/22,42831,UK Dedicated Servers Limited,GB,2024-11-14 00:29:03,2024-11-18 09:11:13
217.138.207.0/24,9009,M247 Europe SRL,RO,2024-11-14 00:29:05,2024-11-18 09:11:09
194.233.98.0/24,136787,PacketHub S.A.,PA,2024-11-14 00:28:53,2024-11-18 09:11:07
45.94.208.0/24,136787,PacketHub S.A.,PA,2024-11-14 00:28:54,2024-11-18 09:11:10
185.229.58.0/24,49453,Global Layer B.V.,NL,2024-11-14 00:29:08,2024-11-18 09:11:11
77.81.139.0/24,9009,M247 Europe SRL,RO,2024-11-14 00:29:02,2024-11-18 09:11:19
62.182.99.0/24,62240,Clouvider Limited,GB,2024-11-14 00:29:08,2024-11-18 09:11:20
154.47.21.0/24,212238,Datacamp Limited,GB,2024-11-14 00:28:53,2024-11-18 09:11:17
195.206.170.0/23,25369,Hydra Communications Ltd,GB,2024-11-14 00:29:21,2024-11-18 09:11:14
149.102.243.0/24,212238,Datacamp Limited,GB,2024-11-14 00:29:16,2024-11-18 09:10:52
149.22.89.0/24,212238,Datacamp Limited,GB,2024-11-14 00:28:52,2024-11-18 09:11:28
194.88.96.0/22,25369,Hydra Communications Ltd,GB,2024-11-14 00:29:13,2024-11-18 09:11:08
149.102.244.0/24,212238,Datacamp Limited,GB,2024-11-14 00:29:24,2024-11-18 09:10:59
45.85.144.0/24,141039,PacketHub S.A.,PA,2024-11-14 00:29:01,2024-11-18 09:11:07
45.95.162.0/24,136787,PacketHub S.A.,PA,2024-11-14 00:29:05,2024-11-18 09:11:03
62.3.36.0/24,147049,PacketHub S.A.,AU,2024-11-14 00:29:22,2024-11-18 09:10:59
185.216.201.0/24,62240,Clouvider Limited,GB,2024-11-14 00:28:59,2024-11-18 09:11:21
93.177.74.0/24,9009,M247 Europe SRL,RO,2024-11-14 00:29:07,2024-11-18 09:11:26
207.211.214.0/24,60068,Datacamp Limited (CDN77 / DataPacket),GB,2024-11-14 00:29:16,2024-11-18 09:11:02
172.93.147.0/24,20278,"Nexeon Technologies, Inc.",US,2024-11-14 00:29:04,2024-11-18 09:11:28
169.150.238.0/24,60068,Datacamp Limited (CDN77 / DataPacket),GB,2024-11-14 00:29:05,2024-11-18 09:11:04
185.174.156.0/24,203020,HostRoyale Technologies Pvt Ltd,IN,2024-11-14 00:29:14,2024-11-18 09:10:55
172.93.146.0/24,20278,"Nexeon Technologies, Inc.",US,2024-11-14 00:29:26,2024-11-18 09:11:19
103.137.15.0/24,137409,GSL Networks Pty LTD,AU,2024-11-14 00:29:16,2024-11-18 09:11:01
193.203.13.0/24,136787,PacketHub S.A.,PA,2024-11-14 00:29:19,2024-11-18 09:11:25
2.56.190.0/24,62240,Clouvider Limited,GB,2024-11-14 00:29:04,2024-11-18 09:10:55
217.138.203.0/24,9009,M247 Europe SRL,RO,2024-11-14 00:28:55,2024-11-18 09:11:26
181.215.169.0/24,396356,Latitude.sh,US,2024-11-14 00:29:25,2024-11-18 09:11:17
45.12.220.0/24,9009,M247 Europe SRL,RO,2024-11-14 00:29:16,2024-11-18 09:11:24
154.47.23.0/24,212238,Datacamp Limited,GB,2024-11-14 00:29:23,2024-11-18 09:11:17
149.50.213.0/24,212238,Datacamp Limited,GB,2024-11-14 00:29:18,2024-11-18 09:11:26
84.17.35.0/24,60068,Datacamp Limited (CDN77 / DataPacket),GB,2024-11-14 00:28:59,2024-11-18 09:10:55
103.192.80.0/24,136557,Host Universal Pty Ltd,AU,2024-11-14 00:29:20,2024-11-18 09:11:27
37.120.210.0/24,9009,M247 Europe SRL,RO,2024-11-14 00:29:15,2024-11-18 09:11:09
37.19.200.0/24,212238,Datacamp Limited,GB,2024-11-14 00:29:21,2024-11-18 09:11:02
193.56.252.0/24,9009,M247 Europe SRL,RO,2024-11-14 00:29:06,2024-11-18 09:11:14
178.239.173.0/24,25369,Hydra Communications Ltd,GB,2024-11-14 00:29:03,2024-11-18 09:11:21
156.146.36.0/24,60068,Datacamp Limited (CDN77 / DataPacket),GB,2024-11-14 00:29:21,2024-11-18 09:11:02
149.40.53.0/24,212238,Datacamp Limited,GB,2024-11-14 00:29:13,2024-11-18 09:11:18
82.149.77.0/24,136787,PacketHub S.A.,PA,2024-11-14 00:28:54,2024-11-18 09:11:25
149.88.16.0/24,212238,Datacamp Limited,GB,2024-11-14 00:29:22,2024-11-18 09:11:12
45.95.160.0/24,136787,PacketHub S.A.,PA,2024-11-14 00:29:24,2024-11-18 09:11:14
185.153.177.0/24,136787,PacketHub S.A.,PA,2024-11-14 00:29:24,2024-11-18 09:11:05
77.81.191.0/24,25369,Hydra Communications Ltd,GB,2024-11-14 00:28:51,2024-11-18 09:11:18
177.54.156.0/24,262287,Latitude.sh LTDA,BR,2024-11-14 00:29:05,2024-11-18 09:11:28
156.146.63.0/24,212238,Datacamp Limited,GB,2024-11-14 00:29:17,2024-11-18 09:11:18
217.138.202.0/24,9009,M247 Europe SRL,RO,2024-11-14 00:29:25,2024-11-18 09:10:54
103.107.197.0/24,137409,GSL Networks Pty LTD,AU,2024-11-14 00:29:18,2024-11-18 09:11:15
185.203.122.0/24,136787,PacketHub S.A.,PA,2024-11-14 00:29:26,2024-11-18 09:10:58
185.59.221.0/24,60068,Datacamp Limited (CDN77 / DataPacket),GB,2024-11-14 00:29:15,2024-11-18 09:11:07
156.146.45.0/24,212238,Datacamp Limited,GB,2024-11-14 00:29:00,2024-11-18 09:11:26
82.149.81.0/24,136787,PacketHub S.A.,PA,2024-11-14 00:29:19,2024-11-18 09:11:16
81.17.123.0/24,207137,PacketHub S.A.,PA,2024-11-14 00:29:14,2024-11-18 09:11:19
89.187.176.0/22,60068,Datacamp Limited (CDN77 / DataPacket),GB,2024-11-14 00:29:10,2024-11-18 09:11:22
89.238.178.0/24,9009,M247 Europe SRL,RO,2024-11-14 00:29:06,2024-11-18 09:11:16
45.13.235.0/24,147049,PacketHub S.A.,AU,2024-11-14 00:29:26,2024-11-18 09:11:00
94.229.64.0/20,42831,UK Dedicated Servers Limited,GB,2024-11-14 00:28:57,2024-11-18 09:11:24
109.70.144.0/21,25369,Hydra Communications Ltd,GB,2024-11-14 00:29:02,2024-11-18 09:10:51
217.138.192.0/24,9009,M247 Europe SRL,RO,2024-11-14 00:29:21,2024-11-18 09:11:14
181.214.226.0/24,396356,Latitude.sh,US,2024-11-14 00:29:25,2024-11-18 09:11:21
192.145.119.0/24,141039,PacketHub S.A.,PA,2024-11-14 00:28:58,2024-11-18 09:11:00
146.70.81.0/24,9009,M247 Europe SRL,RO,2024-11-14 00:29:10,2024-11-18 09:11:08
82.197.79.0/24,136787,PacketHub S.A.,PA,2024-11-14 00:29:19,2024-11-18 08:13:09
169.150.201.0/24,212238,Datacamp Limited,GB,2024-11-14 00:29:12,2024-11-18 09:11:24
83.143.245.0/24,9009,M247 Europe SRL,RO,2024-11-14 00:29:19,2024-11-18 09:11:17
185.203.219.0/24,141039,PacketHub S.A.,PA,2024-11-14 00:29:20,2024-11-18 09:11:02
37.120.197.0/24,9009,M247 Europe SRL,RO,2024-11-14 00:28:54,2024-11-18 09:11:18
95.214.115.0/24,136787,PacketHub S.A.,PA,2024-11-14 00:29:09,2024-11-18 09:10:58
195.47.194.0/24,203020,HostRoyale Technologies Pvt Ltd,IN,2024-11-14 00:29:01,2024-11-18 09:11:17
45.82.33.0/24,141039,PacketHub S.A.,PA,2024-11-14 00:29:11,2024-11-18 09:11:11
138.199.33.0/24,212238,Datacamp Limited,GB,2024-11-14 00:29:25,2024-11-18 09:11:09
212.102.54.0/23,60068,Datacamp Limited (CDN77 / DataPacket),GB,2024-11-14 00:29:26,2024-11-18 09:11:13
185.229.59.0/24,147049,PacketHub S.A.,AU,2024-11-14 00:28:57,2024-11-18 09:11:20
212.102.47.0/24,212238,Datacamp Limited,GB,2024-11-14 00:29:00,2024-11-18 09:11:25
45.152.183.0/24,9009,M247 Europe SRL,RO,2024-11-14 00:29:22,2024-11-18 09:11:28
82.149.78.0/24,136787,PacketHub S.A.,PA,2024-11-14 00:29:21,2024-11-18 09:11:00
91.196.220.0/24,62240,Clouvider Limited,GB,2024-11-14 00:29:01,2024-11-18 09:11:11
185.245.85.0/24,9009,M247 Europe SRL,RO,2024-11-14 00:29:04,2024-11-18 09:11:04
146.70.238.0/24,9009,M247 Europe SRL,RO,2024-11-14 00:29:01,2024-11-18 09:11:22
116.90.75.0/24,137409,GSL Networks Pty LTD,AU,2024-11-14 00:29:15,2024-11-18 09:11:18
185.236.202.0/24,9009,M247 Europe SRL,RO,2024-11-14 00:29:17,2024-11-18 09:11:24
193.9.113.0/24,9009,M247 Europe SRL,RO,2024-11-14 00:29:00,2024-11-18 09:10:59
178.239.165.0/24,25369,Hydra Communications Ltd,GB,2024-11-14 00:29:02,2024-11-18 09:11:04
155.133.5.0/24,62240,Clouvider Limited,GB,2024-11-14 00:29:04,2024-11-18 09:10:58
92.119.16.0/22,62240,Clouvider Limited,GB,2024-11-14 00:29:02,2024-11-18 09:11:11
89.187.170.0/23,60068,Datacamp Limited (CDN77 / DataPacket),GB,2024-11-14 00:29:06,2024-11-18 09:11:04
146.70.100.0/24,9009,M247 Europe SRL,RO,2024-11-14 00:29:08,2024-11-18 09:10:52
156.146.37.0/24,212238,Datacamp Limited,GB,2024-11-14 00:29:00,2024-11-18 09:11:26
87.120.100.0/22,198890,Albanian Fiber Telecommunications SHPK,AL,2024-11-14 00:29:16,2024-11-18 09:11:26
185.244.213.0/24,9009,M247 Europe SRL,RO,2024-11-14 00:29:26,2024-11-18 09:10:50
45.134.224.0/24,147049,PacketHub S.A.,AU,2024-11-14 00:28:55,2024-11-18 09:11:17
194.110.85.0/24,136787,PacketHub S.A.,PA,2024-11-14 00:29:09,2024-11-18 09:11:15
31.222.254.0/24,147049,PacketHub S.A.,AU,2024-11-14 00:28:57,2024-11-18 09:11:21
37.120.209.0/24,9009,M247 Europe SRL,RO,2024-11-14 00:29:12,2024-11-18 09:11:19
116.90.72.0/24,137409,GSL Networks Pty LTD,AU,2024-11-14 00:29:14,2024-11-18 09:11:20
152.89.204.0/24,62240,Clouvider Limited,GB,2024-11-14 00:29:04,2024-11-18 09:11:20
185.245.87.0/24,9009,M247 Europe SRL,RO,2024-11-14 00:28:55,2024-11-18 09:11:21
193.9.32.0/24,136787,PacketHub S.A.,PA,2024-11-14 00:29:23,2024-11-18 09:11:02
178.175.128.0/20,43289,Trabia SRL,MD,2024-11-14 00:29:09,2024-11-18 09:11:09
91.132.137.0/24,9009,M247 Europe SRL,RO,2024-11-14 00:29:12,2024-11-18 09:11:05
202.165.70.0/24,137409,GSL Networks Pty LTD,AU,2024-11-14 00:29:00,2024-11-18 09:11:27
185.239.151.0/24,136787,PacketHub S.A.,PA,2024-11-14 00:28:56,2024-11-18 09:11:09
78.157.192.0/21,42831,UK Dedicated Servers Limited,GB,2024-11-14 00:28:53,2024-11-18 09:11:27
212.23.215.0/24,62240,Clouvider Limited,GB,2024-11-14 00:28:54,2024-11-18 09:11:16
94.156.150.0/24,207137,PacketHub S.A.,PA,2024-11-14 00:29:08,2024-11-18 09:11:05
89.40.183.0/24,9009,M247 Europe SRL,RO,2024-11-14 00:29:14,2024-11-18 09:11:05
185.253.98.0/24,9009,M247 Europe SRL,RO,2024-11-14 00:29:12,2024-11-18 09:11:18
103.219.20.0/24,62240,Clouvider Limited,GB,2024-11-14 00:29:05,2024-11-18 09:11:09
185.213.83.0/24,147049,PacketHub S.A.,AU,2024-11-14 00:29:11,2024-11-18 09:11:24
82.197.78.0/24,136787,PacketHub S.A.,PA,2024-11-14 00:28:59,2024-11-18 09:11:21
149.88.96.0/24,212238,Datacamp Limited,GB,2024-11-14 00:29:04,2024-11-18 09:11:14
193.9.33.0/24,136787,PacketHub S.A.,PA,2024-11-14 00:29:11,2024-11-18 09:11:08
91.132.136.0/24,9009,M247 Europe SRL,RO,2024-11-14 00:29:14,2024-11-18 09:10:58
37.46.122.0/24,51430,AltusHost B.V.,NL,2024-11-14 00:28:52,2024-11-18 09:10:49
217.114.38.0/24,62240,Clouvider Limited,GB,2024-11-14 00:29:22,2024-11-18 09:11:12
185.217.171.0/24,136787,PacketHub S.A.,PA,2024-11-14 00:28:59,2024-11-18 09:11:14
45.14.195.0/24,141039,PacketHub S.A.,PA,2024-11-14 00:29:11,2024-11-18 09:11:09
87.249.137.0/24,60068,Datacamp Limited (CDN77 / DataPacket),GB,2024-11-14 00:29:24,2024-11-18 09:11:18
152.89.206.0/24,62240,Clouvider Limited,GB,2024-11-14 00:29:02,2024-11-18 09:11:22
77.75.120.0/21,42831,UK Dedicated Servers Limited,GB,2024-11-14 00:29:18,2024-11-18 09:10:55
185.104.187.0/24,9009,M247 Europe SRL,RO,2024-11-14 00:29:19,2024-11-18 09:11:08
185.214.97.0/24,207137,PacketHub S.A.,PA,2024-11-14 00:28:58,2024-11-18 09:11:07
149.22.81.0/24,212238,Datacamp Limited,GB,2024-11-14 00:29:02,2024-11-18 09:11:08
45.248.79.0/24,136557,Host Universal Pty Ltd,AU,2024-11-14 00:28:54,2024-11-18 09:11:02
82.149.80.0/24,136787,PacketHub S.A.,PA,2024-11-14 00:29:07,2024-11-18 09:11:26
185.104.185.0/24,9009,M247 Europe SRL,RO,2024-11-14 00:29:18,2024-11-18 09:10:51
95.174.65.0/24,9009,M247 Europe SRL,RO,2024-11-14 00:29:20,2024-11-18 09:10:50
217.138.208.0/24,9009,M247 Europe SRL,RO,2024-11-14 00:29:21,2024-11-18 09:11:18
192.166.246.0/24,147049,PacketHub S.A.,AU,2024-11-14 00:29:11,2024-11-18 09:11:14
185.7.34.0/24,51430,AltusHost B.V.,NL,2024-11-14 00:29:05,2024-11-18 09:11:17
84.17.42.0/24,60068,Datacamp Limited (CDN77 / DataPacket),GB,2024-11-14 00:29:00,2024-11-18 09:11:07
217.138.222.0/24,9009,M247 Europe SRL,RO,2024-11-14 00:29:10,2024-11-18 09:10:52
138.199.21.0/24,212238,Datacamp Limited,GB,2024-11-14 00:29:12,2024-11-18 09:11:16
217.138.219.0/24,9009,M247 Europe SRL,RO,2024-11-14 00:29:15,2024-11-18 09:11:11
78.110.170.0/24,42831,UK Dedicated Servers Limited,GB,2024-11-14 00:29:12,2024-11-18 09:10:59
86.104.248.0/22,25369,Hydra Communications Ltd,GB,2024-11-14 00:29:21,2024-11-18 09:11:03
91.207.57.0/24,9009,M247 Europe SRL,RO,2024-11-14 00:28:58,2024-11-18 09:10:52
212.102.36.0/24,60068,Datacamp Limited (CDN77 / DataPacket),GB,2024-11-14 00:29:14,2024-11-18 09:11:23
94.140.11.0/24,136787,PacketHub S.A.,PA,2024-11-14 00:29:20,2024-11-18 09:11:07
185.180.12.0/24,60068,Datacamp Limited (CDN77 / DataPacket),GB,2024-11-14 00:29:19,2024-11-18 09:11:03
213.152.162.0/24,49453,Global Layer B.V.,NL,2024-11-14 00:29:10,2024-11-18 09:11:28
103.1.212.0/24,137409,GSL Networks Pty LTD,AU,2024-11-14 00:29:18,2024-11-18 09:11:24
176.113.74.0/24,9009,M247 Europe SRL,RO,2024-11-14 00:29:23,2024-11-18 09:11:26
82.149.83.0/24,136787,PacketHub S.A.,PA,2024-11-14 00:29:03,2024-11-18 09:11:03
37.9.56.0/21,42831,UK Dedicated Servers Limited,GB,2024-11-14 00:29:10,2024-11-18 09:10:58
149.88.21.0/24,212238,Datacamp Limited,GB,2024-11-14 00:29:04,2024-11-18 09:10:59
185.245.86.0/24,9009,M247 Europe SRL,RO,2024-11-14 00:29:06,2024-11-18 09:11:23
78.110.172.0/22,42831,UK Dedicated Servers Limited,GB,2024-11-14 00:29:00,2024-11-18 09:11:04
45.80.184.0/24,136787,PacketHub S.A.,PA,2024-11-14 00:29:09,2024-11-18 09:10:58
185.245.255.0/24,136787,PacketHub S.A.,PA,2024-11-14 00:28:58,2024-11-18 09:10:53
154.47.27.0/24,212238,Datacamp Limited,GB,2024-11-14 00:29:25,2024-11-18 09:11:22
149.88.23.0/24,212238,Datacamp Limited,GB,2024-11-14 00:29:26,2024-11-18 09:10:52
84.17.41.0/24,60068,Datacamp Limited (CDN77 / DataPacket),GB,2024-11-14 00:29:00,2024-11-18 09:11:14
212.102.50.0/24,60068,Datacamp Limited (CDN77 / DataPacket),GB,2024-11-14 00:28:54,2024-11-18 09:11:27
107.175.105.0/24,20278,"Nexeon Technologies, Inc.",US,2024-11-14 00:28:59,2024-11-18 09:11:12
194.99.105.0/24,9009,M247 Europe SRL,RO,2024-11-14 00:29:24,2024-11-18 09:11:01
193.36.237.0/24,147049,PacketHub S.A.,AU,2024-11-14 00:28:58,2024-11-18 09:11:03
181.214.196.0/24,396356,Latitude.sh,US,2024-11-14 00:29:10,2024-11-18 09:11:28
185.220.70.0/24,9009,M247 Europe SRL,RO,2024-11-14 00:29:17,2024-11-18 09:11:14
141.98.103.0/24,9009,M247 Europe SRL,RO,2024-11-14 00:28:52,2024-11-18 09:11:26
212.97.64.0/24,136787,PacketHub S.A.,PA,2024-11-14 00:29:13,2024-11-18 09:11:22
185.213.82.0/24,147049,PacketHub S.A.,AU,2024-11-14 00:29:19,2024-11-18 09:11:18
193.19.205.0/24,203020,HostRoyale Technologies Pvt Ltd,IN,2024-11-14 00:29:13,2024-11-18 09:11:03
155.133.15.0/24,136787,PacketHub S.A.,PA,2024-11-14 00:29:10,2024-11-18 09:11:19
193.176.127.0/24,212238,Datacamp Limited,GB,2024-11-14 00:28:57,2024-11-18 09:11:11
138.199.52.0/24,212238,Datacamp Limited,GB,2024-11-14 00:29:06,2024-11-18 09:10:49
185.211.32.0/24,136787,PacketHub S.A.,PA,2024-11-14 00:29:06,2024-11-18 09:11:10
149.34.244.0/24,212238,Datacamp Limited,GB,2024-11-14 00:29:11,2024-11-18 09:11:12
86.106.137.0/24,9009,M247 Europe SRL,RO,2024-11-14 00:29:17,2024-11-18 09:11:10
212.102.33.0/24,60068,Datacamp Limited (CDN77 / DataPacket),GB,2024-11-14 00:29:14,2024-11-18 09:11:19
37.120.155.0/24,9009,M247 Europe SRL,RO,2024-11-14 00:29:09,2024-11-18 09:11:09
185.232.23.0/24,9009,M247 Europe SRL,RO,2024-11-14 00:29:14,2024-11-18 09:11:22
82.197.76.0/24,136787,PacketHub S.A.,PA,2024-11-14 00:29:00,2024-11-18 09:11:19
79.127.229.0/24,60068,Datacamp Limited (CDN77 / DataPacket),GB,2024-11-14 00:29:05,2024-11-18 09:11:10
81.17.122.0/24,136787,PacketHub S.A.,PA,2024-11-14 00:29:07,2024-11-18 09:11:10
185.183.106.0/24,9009,M247 Europe SRL,RO,2024-11-14 00:29:13,2024-11-18 09:11:08
89.238.186.0/24,9009,M247 Europe SRL,RO,2024-11-14 00:29:03,2024-11-18 09:10:57
107.175.104.0/24,20278,"Nexeon Technologies, Inc.",US,2024-11-14 00:29:22,2024-11-18 09:11:09
45.134.212.0/24,212238,Datacamp Limited,GB,2024-11-14 00:29:06,2024-11-18 09:11:14
78.157.200.0/22,42831,UK Dedicated Servers Limited,GB,2024-11-14 00:29:01,2024-11-18 09:11:09
194.31.54.0/24,9009,M247 Europe SRL,RO,2024-11-14 00:28:59,2024-11-18 09:11:26
155.133.17.0/24,62240,Clouvider Limited,GB,2024-11-14 00:29:17,2024-11-18 09:11:19
149.102.230.0/24,212238,Datacamp Limited,GB,2024-11-14 00:28:59,2024-11-18 09:11:13
185.93.2.0/24,60068,Datacamp Limited (CDN77 / DataPacket),GB,2024-11-14 00:29:10,2024-11-18 09:11:16
149.88.19.0/24,212238,Datacamp Limited,GB,2024-11-14 00:29:08,2024-11-18 09:11:25
37.19.212.0/23,212238,Datacamp Limited,GB,2024-11-14 00:29:19,2024-11-18 09:10:53
2.56.191.0/24,62240,Clouvider Limited,GB,2024-11-14 00:29:17,2024-11-18 09:11:16
37.19.198.0/23,212238,Datacamp Limited,GB,2024-11-14 00:28:52,2024-11-18 09:10:49
96.9.245.0/24,20278,"Nexeon Technologies, Inc.",US,2024-11-14 00:29:20,2024-11-18 09:11:09
89.238.150.0/24,9009,M247 Europe SRL,RO,2024-11-14 00:29:12,2024-11-18 09:11:07
185.61.156.0/24,25369,Hydra Communications Ltd,GB,2024-11-14 00:29:05,2024-11-18 09:11:04
153.92.40.0/24,147049,PacketHub S.A.,AU,2024-11-14 00:29:02,2024-11-18 09:11:03
103.107.196.0/24,137409,GSL Networks Pty LTD,AU,2024-11-14 00:28:52,2024-11-18 09:11:24
91.207.174.0/24,9009,M247 Europe SRL,RO,2024-11-14 00:29:22,2024-11-18 09:11:13
212.103.48.0/24,9009,M247 Europe SRL,RO,2024-11-14 00:29:08,2024-11-18 09:10:52
185.202.220.0/24,141039,PacketHub S.A.,PA,2024-11-14 00:29:15,2024-11-18 09:11:09
37.120.201.0/24,9009,M247 Europe SRL,RO,2024-11-14 00:29:05,2024-11-18 09:11:09
37.120.212.0/24,9009,M247 Europe SRL,RO,2024-11-14 00:29:07,2024-11-18 09:11:23
185.223.232.0/22,25369,Hydra Communications Ltd,GB,2024-11-14 00:28:53,2024-11-18 09:11:19
185.239.148.0/24,136787,PacketHub S.A.,PA,2024-11-14 00:29:21,2024-11-18 09:11:27
91.132.139.0/24,9009,M247 Europe SRL,RO,2024-11-14 00:29:01,2024-11-18 09:11:01
149.34.249.0/24,212238,Datacamp Limited,GB,2024-11-14 00:29:19,2024-11-18 09:10:57
213.109.200.0/24,62240,Clouvider Limited,GB,2024-11-14 00:28:59,2024-11-18 09:11:24
185.227.133.0/24,136787,PacketHub S.A.,PA,2024-11-14 00:29:22,2024-11-18 09:11:12
194.195.89.0/24,137409,GSL Networks Pty LTD,AU,2024-11-14 00:29:05,2024-11-18 09:11:05
193.19.204.0/24,47943,EDGOO NETWORKS UNIPESSOAL LDA,PT,2024-11-14 00:29:11,2024-11-18 09:11:15
89.187.160.0/23,60068,Datacamp Limited (CDN77 / DataPacket),GB,2024-11-14 00:29:13,2024-11-18 09:10:58
144.48.39.0/24,136557,Host Universal Pty Ltd,AU,2024-11-14 00:29:13,2024-11-18 09:11:22
146.70.22.0/24,9009,M247 Europe SRL,RO,2024-11-14 00:28:55,2024-11-18 09:10:59
84.17.37.0/24,60068,Datacamp Limited (CDN77 / DataPacket),GB,2024-11-14 00:28:58,2024-11-18 09:11:12
149.34.247.0/24,212238,Datacamp Limited,GB,2024-11-14 00:29:21,2024-11-18 09:10:54
89.34.96.0/22,25369,Hydra Communications Ltd,GB,2024-11-14 00:29:24,2024-11-18 09:10:56
45.137.76.0/24,136787,PacketHub S.A.,PA,2024-11-14 00:29:11,2024-11-18 09:10:50
37.120.131.0/24,9009,M247 Europe SRL,RO,2024-11-14 00:29:24,2024-11-18 09:11:11
146.70.21.0/24,9009,M247 Europe SRL,RO,2024-11-14 00:29:09,2024-11-18 09:11:03
176.100.43.0/24,147049,PacketHub S.A.,AU,2024-11-14 00:29:16,2024-11-18 09:11:26
185.216.35.0/24,9009,M247 Europe SRL,RO,2024-11-14 00:29:20,2024-11-18 09:11:05
185.216.33.0/24,9009,M247 Europe SRL,RO,2024-11-14 00:29:20,2024-11-18 09:11:08
91.250.240.0/24,203020,HostRoyale Technologies Pvt Ltd,IN,2024-11-14 00:29:01,2024-11-18 09:11:24
191.101.160.0/24,396356,Latitude.sh,US,2024-11-14 00:29:04,2024-11-18 09:11:28
31.13.188.0/24,9009,M247 Europe SRL,RO,2024-11-14 00:29:02,2024-11-18 09:11:27
37.120.215.0/24,9009,M247 Europe SRL,RO,2024-11-14 00:29:05,2024-11-18 09:11:21
45.134.190.0/24,136787,PacketHub S.A.,PA,2024-11-14 00:29:13,2024-11-18 09:11:06
87.249.133.0/24,212238,Datacamp Limited,GB,2024-11-14 00:29:13,2024-11-18 09:11:16
149.88.98.0/24,212238,Datacamp Limited,GB,2024-11-14 00:29:18,2024-11-18 09:11:28
193.29.61.0/24,147049,PacketHub S.A.,AU,2024-11-14 00:29:17,2024-11-18 09:11:05
37.19.218.0/24,60068,Datacamp Limited (CDN77 / DataPacket),GB,2024-11-14 00:29:17,2024-11-18 09:11:07
149.34.242.0/23,212238,Datacamp Limited,GB,2024-11-14 00:29:08,2024-11-18 09:11:00
107.174.17.0/24,20278,"Nexeon Technologies, Inc.",US,2024-11-14 00:29:13,2024-11-18 09:11:15
212.97.70.0/24,136787,PacketHub S.A.,PA,2024-11-14 00:29:11,2024-11-18 09:11:21
172.93.230.0/24,20278,"Nexeon Technologies, Inc.",US,2024-11-14 00:29:21,2024-11-18 09:11:03
213.152.188.0/24,49453,Global Layer B.V.,NL,2024-11-14 00:29:10,2024-11-18 09:10:51
185.239.149.0/24,136787,PacketHub S.A.,PA,2024-11-14 00:29:19,2024-11-18 09:11:21
103.212.224.0/24,137409,GSL Networks Pty LTD,AU,2024-11-14 00:29:24,2024-11-18 09:11:14
85.190.232.0/24,207137,PacketHub S.A.,PA,2024-11-14 00:29:07,2024-11-18 09:11:19
103.214.46.0/24,62240,Clouvider Limited,GB,2024-11-14 00:29:03,2024-11-18 09:11:25
138.199.16.0/24,212238,Datacamp Limited,GB,2024-11-14 00:29:17,2024-11-18 09:11:24
185.153.176.0/24,212238,Datacamp Limited,GB,2024-11-14 00:29:11,2024-11-18 09:11:03
156.146.42.0/23,60068,Datacamp Limited (CDN77 / DataPacket),GB,2024-11-14 00:28:52,2024-11-18 09:11:00
217.138.198.0/24,9009,M247 Europe SRL,RO,2024-11-14 00:29:17,2024-11-18 09:11:18
89.35.25.0/24,25369,Hydra Communications Ltd,GB,2024-11-14 00:28:56,2024-11-18 09:11:15
138.199.34.0/24,212238,Datacamp Limited,GB,2024-11-14 00:29:15,2024-11-18 09:11:02
82.102.21.0/24,9009,M247 Europe SRL,RO,2024-11-14 00:29:02,2024-11-18 09:11:01
85.190.239.0/24,207137,PacketHub S.A.,PA,2024-11-14 00:29:10,2024-11-18 09:11:22
193.42.98.0/24,136787,PacketHub S.A.,PA,2024-11-14 00:29:27,2024-11-18 09:10:57
109.61.94.0/24,60068,Datacamp Limited (CDN77 / DataPacket),GB,2024-11-14 00:29:21,2024-11-18 09:11:26
176.97.206.0/24,136787,PacketHub S.A.,PA,2024-11-14 00:29:01,2024-11-18 09:11:28
192.145.116.0/24,141039,PacketHub S.A.,PA,2024-11-14 00:29:20,2024-11-18 09:11:11
91.214.65.0/24,212238,Datacamp Limited,GB,2024-11-14 00:29:07,2024-11-18 09:11:25
146.70.71.0/24,9009,M247 Europe SRL,RO,2024-11-14 00:29:02,2024-11-18 09:11:04
185.104.184.0/24,9009,M247 Europe SRL,RO,2024-11-14 00:29:17,2024-11-18 09:11:12
45.141.152.0/24,9009,M247 Europe SRL,RO,2024-11-14 00:29:13,2024-11-18 09:11:19
138.199.54.0/24,212238,Datacamp Limited,GB,2024-11-14 00:29:21,2024-11-18 09:11:24
37.120.143.0/24,9009,M247 Europe SRL,RO,2024-11-14 00:29:00,2024-11-18 09:11:18
181.215.172.0/24,262287,Latitude.sh LTDA,BR,2024-11-14 00:29:10,2024-11-18 09:11:15
195.140.215.0/24,25369,Hydra Communications Ltd,GB,2024-11-14 00:29:07,2024-11-18 09:11:25
89.238.191.0/24,9009,M247 Europe SRL,RO,2024-11-14 00:29:11,2024-11-18 09:10:55
176.53.178.0/24,136787,PacketHub S.A.,PA,2024-11-14 00:28:55,2024-11-18 09:11:13
45.80.28.0/24,136787,PacketHub S.A.,PA,2024-11-14 00:29:03,2024-11-18 09:11:18
149.34.253.0/24,212238,Datacamp Limited,GB,2024-11-14 00:29:08,2024-11-18 09:11:17
103.107.199.0/24,137409,GSL Networks Pty LTD,AU,2024-11-14 00:28:55,2024-11-18 09:11:13
95.214.113.0/24,136787,PacketHub S.A.,PA,2024-11-14 00:28:58,2024-11-18 09:11:25
103.212.227.0/24,137409,GSL Networks Pty LTD,AU,2024-11-14 00:29:27,2024-11-18 09:10:51
89.238.176.0/24,9009,M247 Europe SRL,RO,2024-11-14 00:29:09,2024-11-18 09:11:15
2.58.74.0/24,136787,PacketHub S.A.,PA,2024-11-14 00:29:24,2024-11-18 09:11:01
146.70.155.0/24,9009,M247 Europe SRL,RO,2024-11-14 00:28:57,2024-11-18 09:11:03
149.102.224.0/24,212238,Datacamp Limited,GB,2024-11-14 00:28:59,2024-11-18 09:10:55
154.47.18.0/23,212238,Datacamp Limited,GB,2024-11-14 00:29:15,2024-11-18 09:11:26
87.249.135.0/24,212238,Datacamp Limited,GB,2024-11-14 00:29:14,2024-11-18 09:11:03
194.59.249.0/24,9009,M247 Europe SRL,RO,2024-11-14 00:28:56,2024-11-18 09:11:18
195.206.104.0/24,9009,M247 Europe SRL,RO,2024-11-14 00:29:10,2024-11-18 09:10:58
185.92.210.0/24,203020,HostRoyale Technologies Pvt Ltd,IN,2024-11-14 00:29:15,2024-11-18 09:11:26
185.255.128.0/24,136787,PacketHub S.A.,PA,2024-11-14 00:29:12,2024-11-18 09:11:12
89.37.173.0/24,25369,Hydra Communications Ltd,GB,2024-11-14 00:28:56,2024-11-18 09:11:11
181.214.150.0/24,262287,Latitude.sh LTDA,BR,2024-11-14 00:28:56,2024-11-18 09:11:24
37.120.137.0/24,9009,M247 Europe SRL,RO,2024-11-14 00:29:17,2024-11-18 09:11:20
185.255.129.0/24,136787,PacketHub S.A.,PA,2024-11-14 00:29:01,2024-11-18 09:11:12
82.149.79.0/24,136787,PacketHub S.A.,PA,2024-11-14 00:29:19,2024-11-18 09:11:16
212.97.68.0/24,136787,PacketHub S.A.,PA,2024-11-14 00:29:16,2024-11-18 09:11:05
94.46.184.0/22,42831,UK Dedicated Servers Limited,GB,2024-11-14 00:28:54,2024-11-18 09:11:20
37.120.213.0/24,9009,M247 Europe SRL,RO,2024-11-14 00:29:25,2024-11-18 09:11:01
103.107.198.0/24,137409,GSL Networks Pty LTD,AU,2024-11-14 00:29:15,2024-11-18 09:11:10
37.120.133.0/24,9009,M247 Europe SRL,RO,2024-11-14 00:29:25,2024-11-18 09:11:12
185.215.181.0/24,62240,Clouvider Limited,GB,2024-11-14 00:29:12,2024-11-18 09:11:13
185.247.70.0/24,9009,M247 Europe SRL,RO,2024-11-14 00:29:15,2024-11-18 09:11:05
107.173.73.0/24,20278,"Nexeon Technologies, Inc.",US,2024-11-14 00:29:18,2024-11-18 09:11:08
185.216.73.0/24,136787,PacketHub S.A.,PA,2024-11-14 00:29:07,2024-11-18 09:11:11
103.137.12.0/24,137409,GSL Networks Pty LTD,AU,2024-11-14 00:29:07,2024-11-18 09:10:56
195.12.50.0/24,9009,M247 Europe SRL,RO,2024-11-14 00:29:08,2024-11-18 09:10:57
217.64.127.0/24,9009,M247 Europe SRL,RO,2024-11-14 00:29:22,2024-11-18 09:11:18
169.150.218.0/24,212238,Datacamp Limited,GB,2024-11-14 00:28:52,2024-11-18 09:11:27
154.47.17.0/24,212238,Datacamp Limited,GB,2024-11-14 00:28:52,2024-11-18 09:11:15
104.16.208.0/20,13335,"Cloudflare, Inc.",US,2024-11-14 00:29:04,2024-11-18 09:11:20
185.230.125.0/24,9009,M247 Europe SRL,RO,2024-11-14 00:29:18,2024-11-18 09:11:08
77.243.87.0/24,136787,PacketHub S.A.,PA,2024-11-14 00:29:25,2024-11-18 09:11:09
177.54.151.0/24,262287,Latitude.sh LTDA,BR,2024-11-14 00:29:18,2024-11-18 09:11:19
195.181.170.0/24,60068,Datacamp Limited (CDN77 / DataPacket),GB,2024-11-14 00:29:26,2024-11-18 09:11:10
149.40.59.0/24,212238,Datacamp Limited,GB,2024-11-14 00:29:02,2024-11-18 09:11:27
5.180.62.0/24,62240,Clouvider Limited,GB,2024-11-14 00:29:12,2024-11-18 09:11:12
77.243.86.0/24,136787,PacketHub S.A.,PA,2024-11-14 00:28:54,2024-11-18 09:11:03
194.36.110.0/24,9009,M247 Europe SRL,RO,2024-11-14 00:29:13,2024-11-18 09:11:21
194.127.172.0/23,62240,Clouvider Limited,GB,2024-11-14 00:29:13,2024-11-18 09:10:53
212.97.66.0/24,136787,PacketHub S.A.,PA,2024-11-14 00:29:03,2024-11-18 09:11:14
37.120.132.0/24,9009,M247 Europe SRL,RO,2024-11-14 00:29:27,2024-11-18 09:11:00
143.244.41.0/24,212238,Datacamp Limited,GB,2024-11-14 00:29:13,2024-11-18 09:10:56
154.47.22.0/24,212238,Datacamp Limited,GB,2024-11-14 00:29:13,2024-11-18 09:11:06
185.172.52.0/24,147049,PacketHub S.A.,AU,2024-11-14 00:29:22,2024-11-18 09:11:13
185.244.212.0/24,9009,M247 Europe SRL,RO,2024-11-14 00:29:08,2024-11-18 09:10:52
149.88.99.0/24,212238,Datacamp Limited,GB,2024-11-14 00:29:21,2024-11-18 09:11:03
169.150.203.0/24,212238,Datacamp Limited,GB,2024-11-14 00:29:20,2024-11-18 09:11:23
37.120.204.0/24,9009,M247 Europe SRL,RO,2024-11-14 00:29:21,2024-11-18 09:11:09
217.138.206.0/24,9009,M247 Europe SRL,RO,2024-11-14 00:29:18,2024-11-18 09:11:25
89.36.224.0/24,9009,M247 Europe SRL,RO,2024-11-14 00:29:23,2024-11-18 09:11:12
45.137.78.0/24,136787,PacketHub S.A.,PA,2024-11-14 00:29:01,2024-11-18 09:11:11
103.214.47.0/24,62240,Clouvider Limited,GB,2024-11-14 00:29:13,2024-11-18 09:11:12
45.86.210.0/24,62240,Clouvider Limited,GB,2024-11-14 00:29:14,2024-11-18 09:11:22
87.249.139.0/24,212238,Datacamp Limited,GB,2024-11-14 00:29:24,2024-11-18 09:10:52
91.205.107.0/24,136787,PacketHub S.A.,PA,2024-11-14 00:29:00,2024-11-18 09:11:16
185.93.182.0/24,9009,M247 Europe SRL,RO,2024-11-14 00:29:08,2024-11-18 09:11:08
192.166.244.0/24,147049,PacketHub S.A.,AU,2024-11-14 00:29:26,2024-11-18 09:11:05
185.212.111.0/24,200698,Globalhost d.o.o.,BA,2024-11-14 00:29:22,2024-11-18 09:11:17
149.102.236.0/24,212238,Datacamp Limited,GB,2024-11-14 00:28:54,2024-11-18 09:10:49
185.245.84.0/24,9009,M247 Europe SRL,RO,2024-11-14 00:28:55,2024-11-18 09:11:28
37.120.221.0/24,9009,M247 Europe SRL,RO,2024-11-14 00:29:03,2024-11-18 09:11:28
178.249.214.0/24,212238,Datacamp Limited,GB,2024-11-14 00:29:14,2024-11-18 09:11:07
185.244.215.0/24,9009,M247 Europe SRL,RO,2024-11-14 00:29:16,2024-11-18 09:11:06
212.102.51.0/24,212238,Datacamp Limited,GB,2024-11-14 00:29:27,2024-11-18 09:10:49
138.199.63.0/24,212238,Datacamp Limited,GB,2024-11-14 00:29:18,2024-11-18 09:11:27
185.156.174.0/24,9009,M247 Europe SRL,RO,2024-11-14 00:29:00,2024-11-18 09:11:22
91.132.138.0/24,9009,M247 Europe SRL,RO,2024-11-14 00:29:02,2024-11-18 09:11:14
143.244.47.0/24,212238,Datacamp Limited,GB,2024-11-14 00:29:22,2024-11-18 09:11:25
156.67.94.0/24,136787,PacketHub S.A.,PA,2024-11-14 00:28:59,2024-11-18 09:11:27
203.10.99.0/24,137409,GSL Networks Pty LTD,AU,2024-11-14 00:29:11,2024-11-18 09:10:59
37.120.199.0/24,9009,M247 Europe SRL,RO,2024-11-14 00:29:04,2024-11-18 09:11:20
194.35.232.0/24,62240,Clouvider Limited,GB,2024-11-14 00:29:07,2024-11-18 09:11:22
45.87.214.0/24,9009,M247 Europe SRL,RO,2024-11-14 00:29:18,2024-11-18 09:11:08
45.134.189.0/24,136787,PacketHub S.A.,PA,2024-11-14 00:29:13,2024-11-18 09:11:19
193.42.99.0/24,136787,PacketHub S.A.,PA,2024-11-14 00:29:09,2024-11-18 09:11:14
84.17.54.0/23,60068,Datacamp Limited (CDN77 / DataPacket),GB,2024-11-14 00:29:11,2024-11-18 09:11:01
195.158.249.0/24,207990,HostRoyale Technologies Pvt Ltd,IN,2024-11-14 00:29:26,2024-11-18 09:11:24
143.244.56.0/23,60068,Datacamp Limited (CDN77 / DataPacket),GB,2024-11-14 00:29:01,2024-11-18 09:11:20
143.244.60.0/23,60068,Datacamp Limited (CDN77 / DataPacket),GB,2024-11-14 00:29:15,2024-11-18 09:10:57
146.70.73.0/24,9009,M247 Europe SRL,RO,2024-11-14 00:29:02,2024-11-18 09:11:25
188.95.55.0/24,57172,Global Layer B.V.,NL,2024-11-14 00:29:21,2024-11-18 09:11:12
185.187.243.0/24,62240,Clouvider Limited,GB,2024-11-14 00:29:13,2024-11-18 09:11:11
185.255.130.0/24,147049,PacketHub S.A.,AU,2024-11-14 00:29:17,2024-11-18 09:11:17
37.46.116.0/24,51430,AltusHost B.V.,NL,2024-11-14 00:29:26,2024-11-18 09:11:27
45.248.78.0/24,136557,Host Universal Pty Ltd,AU,2024-11-14 00:28:54,2024-11-18 09:11:23
89.249.65.0/24,9009,M247 Europe SRL,RO,2024-11-14 00:29:25,2024-11-18 09:11:15
178.249.212.0/24,212238,Datacamp Limited,GB,2024-11-14 00:29:06,2024-11-18 09:11:05
195.234.127.0/24,25369,Hydra Communications Ltd,GB,2024-11-14 00:29:20,2024-11-18 09:11:25
37.120.194.0/24,9009,M247 Europe SRL,RO,2024-11-14 00:29:07,2024-11-18 09:11:06
149.50.217.0/24,212238,Datacamp Limited,GB,2024-11-14 00:29:24,2024-11-18 09:11:02
185.128.26.0/24,9009,M247 Europe SRL,RO,2024-11-14 00:29:18,2024-11-18 09:11:01
189.1.168.0/24,262287,Latitude.sh LTDA,BR,2024-11-14 00:28:58,2024-11-18 09:11:09
193.37.255.0/24,9009,M247 Europe SRL,RO,2024-11-14 00:29:11,2024-11-18 09:10:56
185.130.184.0/24,9009,M247 Europe SRL,RO,2024-11-14 00:29:17,2024-11-18 09:11:28
45.83.89.0/24,9009,M247 Europe SRL,RO,2024-11-14 00:29:18,2024-11-18 09:11:09
203.27.106.0/24,137409,GSL Networks Pty LTD,AU,2024-11-14 00:29:02,2024-11-18 09:11:13
45.90.222.0/24,147049,PacketHub S.A.,AU,2024-11-14 00:29:10,2024-11-18 09:11:16
146.70.80.0/24,9009,M247 Europe SRL,RO,2024-11-14 00:29:05,2024-11-18 09:10:55
45.155.42.0/24,207137,PacketHub S.A.,PA,2024-11-14 00:29:22,2024-11-18 09:11:12
95.214.112.0/24,136787,PacketHub S.A.,PA,2024-11-14 00:28:54,2024-11-18 09:11:14
104.19.144.0/20,13335,"Cloudflare, Inc.",US,2024-11-14 00:29:23,2024-11-18 09:11:21
185.17.27.0/24,42831,UK Dedicated Servers Limited,GB,2024-11-14 00:29:23,2024-11-18 09:11:22
45.152.181.0/24,9009,M247 Europe SRL,RO,2024-11-14 00:29:15,2024-11-18 09:11:25
194.195.93.0/24,136787,PacketHub S.A.,PA,2024-11-14 00:29:02,2024-11-18 09:11:13
37.19.217.0/24,212238,Datacamp Limited,GB,2024-11-14 00:29:16,2024-11-18 09:11:27
156.146.55.0/24,212238,Datacamp Limited,GB,2024-11-14 00:29:12,2024-11-18 09:11:06
91.205.106.0/24,136787,PacketHub S.A.,PA,2024-11-14 00:28:58,2024-11-18 09:11:22
82.102.19.0/24,9009,M247 Europe SRL,RO,2024-11-14 00:29:23,2024-11-18 09:11:26
94.156.205.0/24,136787,PacketHub S.A.,PA,2024-11-14 00:29:23,2024-11-18 09:10:57
5.253.115.0/24,62240,Clouvider Limited,GB,2024-11-14 00:29:03,2024-11-18 09:11:13
31.13.191.0/24,9009,M247 Europe SRL,RO,2024-11-14 00:29:13,2024-11-18 09:11:06
217.146.80.0/20,25369,Hydra Communications Ltd,GB,2024-11-14 00:29:03,2024-11-18 09:11:14
37.120.145.0/24,9009,M247 Europe SRL,RO,2024-11-14 00:29:26,2024-11-18 09:11:25
85.202.81.0/24,207137,PacketHub S.A.,PA,2024-11-14 00:29:06,2024-11-18 09:10:57
169.150.204.0/24,212238,Datacamp Limited,GB,2024-11-14 00:29:23,2024-11-18 09:11:10
176.113.72.0/24,9009,M247 Europe SRL,RO,2024-11-14 00:29:24,2024-11-18 09:11:21
138.199.8.0/23,60068,Datacamp Limited (CDN77 / DataPacket),GB,2024-11-14 00:28:57,2024-11-18 09:11:27
95.214.114.0/24,136787,PacketHub S.A.,PA,2024-11-14 00:29:16,2024-11-18 09:11:16
192.145.118.0/24,141039,PacketHub S.A.,PA,2024-11-14 00:29:19,2024-11-18 09:11:24
146.70.26.0/24,9009,M247 Europe SRL,RO,2024-11-14 00:29:05,2024-11-18 09:11:08
172.93.237.0/24,20278,"Nexeon Technologies, Inc.",US,2024-11-14 00:29:12,2024-11-18 09:11:19
45.83.91.0/24,9009,M247 Europe SRL,RO,2024-11-14 00:29:09,2024-11-18 09:11:16
181.214.151.0/24,262287,Latitude.sh LTDA,BR,2024-11-14 00:29:01,2024-11-18 09:11:07
82.197.77.0/24,136787,PacketHub S.A.,PA,2024-11-14 00:29:18,2024-11-18 09:11:09
185.227.132.0/24,136787,PacketHub S.A.,PA,2024-11-14 00:29:01,2024-11-18 09:11:29
89.147.101.0/24,147049,PacketHub S.A.,AU,2024-11-14 00:29:00,2024-11-18 09:10:52
64.44.42.0/24,20278,"Nexeon Technologies, Inc.",US,2024-11-14 00:29:23,2024-11-18 09:10:59
149.88.106.0/23,212238,Datacamp Limited,GB,2024-11-14 00:28:59,2024-11-18 09:11:13
82.102.18.0/24,9009,M247 Europe SRL,RO,2024-11-14 00:29:23,2024-11-18 09:11:22
185.99.252.0/24,42831,UK Dedicated Servers Limited,GB,2024-11-14 00:29:14,2024-11-18 09:10:54
82.102.16.0/24,9009,M247 Europe SRL,RO,2024-11-14 00:29:05,2024-11-18 09:11:04
5.181.235.0/24,9009,M247 Europe SRL,RO,2024-11-14 00:29:06,2024-11-18 09:11:13
149.50.220.0/24,212238,Datacamp Limited,GB,2024-11-14 00:29:23,2024-11-18 09:11:10
212.102.44.0/23,60068,Datacamp Limited (CDN77 / DataPacket),GB,2024-11-14 00:29:24,2024-11-18 09:11:26
91.207.172.0/24,9009,M247 Europe SRL,RO,2024-11-14 00:28:57,2024-11-18 09:11:20
5.226.136.0/21,25369,Hydra Communications Ltd,GB,2024-11-14 00:29:10,2024-11-18 09:11:23
146.70.55.0/24,9009,M247 Europe SRL,RO,2024-11-14 00:28:59,2024-11-18 09:11:13
185.236.200.0/24,9009,M247 Europe SRL,RO,2024-11-14 00:29:00,2024-11-18 09:11:13
185.121.136.0/22,25369,Hydra Communications Ltd,GB,2024-11-14 00:29:25,2024-11-18 09:11:08
216.198.53.0/24,209242,Cloudflare BYOIP Customers,US,2024-11-14 00:28:56,2024-11-18 09:11:07
212.103.50.0/24,9009,M247 Europe SRL,RO,2024-11-14 00:28:56,2024-11-18 09:11:02
188.241.157.0/24,25369,Hydra Communications Ltd,GB,2024-11-14 00:29:14,2024-11-18 09:11:25
181.215.195.0/24,262287,Latitude.sh LTDA,BR,2024-11-14 00:28:57,2024-11-18 09:11:16
149.88.20.0/24,212238,Datacamp Limited,GB,2024-11-14 00:28:58,2024-11-18 09:11:20
212.102.38.0/24,60068,Datacamp Limited (CDN77 / DataPacket),GB,2024-11-14 00:29:22,2024-11-18 09:11:18
91.205.230.0/24,203020,HostRoyale Technologies Pvt Ltd,IN,2024-11-14 00:29:25,2024-11-18 09:11:14
185.169.255.0/24,62240,Clouvider Limited,GB,2024-11-14 00:29:14,2024-11-18 09:10:53
78.110.168.0/23,42831,UK Dedicated Servers Limited,GB,2024-11-14 00:29:09,2024-11-18 09:11:23
64.44.80.0/21,20278,"Nexeon Technologies, Inc.",US,2024-11-14 00:29:20,2024-11-18 09:11:24
45.89.174.0/24,9009,M247 Europe SRL,RO,2024-11-14 00:29:23,2024-11-18 09:11:17
176.53.176.0/24,136787,PacketHub S.A.,PA,2024-11-14 00:29:20,2024-11-18 09:11:15
37.120.144.0/24,9009,M247 Europe SRL,RO,2024-11-14 00:29:16,2024-11-18 09:11:03
138.199.6.0/24,212238,Datacamp Limited,GB,2024-11-14 00:29:18,2024-11-18 09:11:01
89.33.246.0/24,9009,M247 Europe SRL,RO,2024-11-14 00:29:26,2024-11-18 09:11:10
185.181.102.0/23,9009,M247 Europe SRL,RO,2024-11-14 00:29:09,2024-11-18 09:11:10
185.239.150.0/24,136787,PacketHub S.A.,PA,2024-11-14 00:29:08,2024-11-18 09:11:00
37.46.117.0/24,51430,AltusHost B.V.,NL,2024-11-14 00:29:06,2024-11-18 09:11:20
185.216.34.0/24,9009,M247 Europe SRL,RO,2024-11-14 00:29:15,2024-11-18 09:11:02
96.9.246.0/24,20278,"Nexeon Technologies, Inc.",US,2024-11-14 00:29:20,2024-11-18 09:11:00
84.247.48.0/24,9009,M247 Europe SRL,RO,2024-11-14 00:29:04,2024-11-18 09:11:03
146.70.62.0/24,9009,M247 Europe SRL,RO,2024-11-14 00:29:21,2024-11-18 09:10:59
149.102.238.0/24,212238,Datacamp Limited,GB,2024-11-14 00:29:26,2024-11-18 09:10:57
45.88.190.0/24,147049,PacketHub S.A.,AU,2024-11-14 00:29:10,2024-11-18 09:11:23
139.28.216.0/24,9009,M247 Europe SRL,RO,2024-11-14 00:28:54,2024-11-18 09:11:17
185.232.21.0/24,9009,M247 Europe SRL,RO,2024-11-14 00:28:52,2024-11-18 09:10:57
45.9.251.0/24,9009,M247 Europe SRL,RO,2024-11-14 00:29:08,2024-11-18 09:11:27
86.106.103.0/24,9009,M247 Europe SRL,RO,2024-11-14 00:29:12,2024-11-18 09:10:52
194.187.251.0/24,9009,M247 Europe SRL,RO,2024-11-14 00:29:20,2024-11-18 09:11:05
185.202.221.0/24,141039,PacketHub S.A.,PA,2024-11-14 00:28:57,2024-11-18 09:11:01
116.90.74.0/24,137409,GSL Networks Pty LTD,AU,2024-11-14 00:29:21,2024-11-18 09:11:00
139.28.218.0/24,9009,M247 Europe SRL,RO,2024-11-14 00:28:56,2024-11-18 09:11:20
77.243.181.0/24,9009,M247 Europe SRL,RO,2024-11-14 00:29:07,2024-11-18 09:11:24
103.137.14.0/24,137409,GSL Networks Pty LTD,AU,2024-11-14 00:29:12,2024-11-18 09:11:20
45.95.163.0/24,136787,PacketHub S.A.,PA,2024-11-14 00:28:55,2024-11-18 09:11:10
189.1.170.0/24,262287,Latitude.sh LTDA,BR,2024-11-14 00:28:53,2024-11-18 09:11:20
146.70.68.0/24,9009,M247 Europe SRL,RO,2024-11-14 00:28:54,2024-11-18 09:11:04
5.253.207.0/24,9009,M247 Europe SRL,RO,2024-11-14 00:29:09,2024-11-18 09:11:06
5.253.205.0/24,9009,M247 Europe SRL,RO,2024-11-14 00:29:07,2024-11-18 09:10:56
185.210.218.0/24,9009,M247 Europe SRL,RO,2024-11-14 00:29:04,2024-11-18 09:11:23
89.187.175.0/24,60068,Datacamp Limited (CDN77 / DataPacket),GB,2024-11-14 00:29:00,2024-11-18 09:10:56
37.120.149.0/24,9009,M247 Europe SRL,RO,2024-11-14 09:09:19,2024-11-18 09:11:28
95.174.66.0/24,9009,M247 Europe SRL,RO,2024-11-14 09:09:27,2024-11-18 09:10:50
37.120.203.0/24,9009,M247 Europe SRL,RO,2024-11-14 09:09:19,2024-11-18 09:10:59
82.102.22.0/24,9009,M247 Europe SRL,RO,2024-11-14 09:09:15,2024-11-18 09:10:53
185.206.225.0/24,9009,M247 Europe SRL,RO,2024-11-14 09:09:15,2024-11-18 09:11:14
45.12.223.0/24,9009,M247 Europe SRL,RO,2024-11-14 09:09:24,2024-11-18 09:11:22
146.70.17.0/24,9009,M247 Europe SRL,RO,2024-11-14 09:09:28,2024-11-18 09:11:07
82.102.27.0/24,9009,M247 Europe SRL,RO,2024-11-14 09:09:25,2024-11-18 09:11:05
84.247.50.0/24,9009,M247 Europe SRL,RO,2024-11-14 09:09:20,2024-11-18 09:11:21
79.127.149.0/24,212238,Datacamp Limited,GB,2024-11-15 17:08:10,2024-11-18 09:11:13
178.175.141.0/24,43289,Trabia SRL,MD,2024-11-18 00:42:35,2024-11-18 08:13:38
